idScore,idPartida,idNivel,idModalidad,idUsr,idJuego
1,2,1,2,1,1
2,2,4,1,1,1
3,1,3,3,1,1
4,1,4,1,1,1
5,1,3,1,1,1
6,2,4,3,1,1
7,2,1,1,1,1
8,2,4,4,1,1
9,2,1,3,1,1
10,1,1,3,1,1
11,1,4,2,1,1
12,1,3,4,1,1
13,1,1,3,1,1
14,2,2,3,1,1
15,1,3,1,1,1
16,1,1,3,1,1
17,1,1,3,1,1
18,1,2,2,1,1
19,1,2,1,1,1
20,1,1,4,1,1
21,2,4,5,1,1
22,2,1,5,1,1
23,1,3,3,1,1
24,1,1,1,1,1
25,2,3,2,1,1
26,2,3,3,1,1
27,2,4,4,1,1
28,1,1,4,1,1
29,2,2,1,1,1
30,1,4,1,1,1
31,2,4,1,1,1
32,1,2,2,1,1
33,2,3,1,1,1
34,2,2,3,1,1
35,2,2,3,1,1
36,2,4,4,1,1
37,2,3,2,1,1
38,2,1,1,1,1
39,1,2,5,1,1
40,2,1,1,1,1
41,1,2,1,1,1
42,1,2,1,1,1
43,2,3,1,1,1
44,2,3,1,1,1
45,2,2,2,1,1
46,1,3,2,1,1
47,2,2,3,1,1
48,2,1,2,1,1
49,2,2,3,1,1
50,2,3,1,1,1
51,2,3,4,1,1
52,2,1,5,1,1
53,2,1,3,1,1
54,1,3,4,1,1
55,2,2,1,1,1
56,2,1,3,1,1
57,1,3,5,1,1
58,1,1,3,1,1
59,2,2,2,1,1
60,1,2,3,1,1
61,1,2,3,1,1
62,1,2,2,1,1
63,2,1,5,1,1
64,1,1,2,1,1
65,2,1,4,1,1
66,1,1,1,1,1
67,2,4,1,1,1
68,1,4,1,1,1
69,2,2,1,1,1
70,1,1,5,1,1
71,2,4,1,1,1
72,1,3,2,1,1
73,1,3,5,1,1
74,1,3,2,1,1
75,2,2,2,1,1
76,1,4,2,1,1
77,1,1,4,1,1
78,2,4,5,1,1
79,2,1,3,1,1
80,1,3,1,1,1
81,2,3,5,1,1
82,2,3,1,1,1
83,2,3,5,1,1
84,1,3,3,1,1
85,1,2,5,1,1
86,1,1,1,1,1
87,1,4,5,1,1
88,1,4,4,1,1
89,2,1,3,1,1
90,2,1,2,1,1
91,2,2,2,1,1
92,2,2,1,1,1
93,2,3,3,1,1
94,1,2,2,1,1
95,2,2,3,1,1
96,1,3,1,1,1
97,1,2,2,1,1
98,2,2,3,1,1
99,2,2,1,1,1
100,2,3,3,1,1
101,1,2,2,1,1
102,1,2,2,1,1
103,1,2,5,1,1
104,1,4,2,1,1
105,2,4,4,1,1
106,2,3,2,1,1
107,2,4,3,1,1
108,2,1,2,1,1
109,2,2,1,1,1
110,2,4,5,1,1
111,2,3,2,1,1
112,1,1,1,1,1
113,2,3,1,1,1
114,2,1,2,1,1
115,2,4,4,1,1
116,2,1,1,1,1
117,2,1,2,1,1
118,1,3,4,1,1
119,1,4,4,1,1
120,1,2,5,1,1
121,2,3,5,1,1
122,2,2,1,1,1
123,2,3,5,1,1
124,2,2,2,1,1
125,1,3,2,1,1
126,2,1,2,1,1
127,1,4,3,1,1
128,2,4,4,1,1
129,2,2,4,1,1
130,2,2,4,1,1
131,1,3,1,1,1
132,2,4,1,1,1
133,1,4,1,1,1
134,2,4,1,1,1
135,1,4,2,1,1
136,2,3,4,1,1
137,1,3,2,1,1
138,1,4,4,1,1
139,2,3,5,1,1
140,2,1,2,1,1
141,2,4,4,1,1
142,2,1,2,1,1
143,1,1,3,1,1
144,2,2,5,1,1
145,1,2,3,1,1
146,1,4,1,1,1
147,2,3,5,1,1
148,1,3,5,1,1
149,1,2,4,1,1
150,2,2,4,1,1
151,2,4,4,1,1
152,1,1,3,1,1
153,2,3,5,1,1
154,2,3,3,1,1
155,2,2,5,1,1
156,1,2,1,1,1
157,2,4,5,1,1
158,1,2,3,1,1
159,2,2,4,1,1
160,1,2,4,1,1
161,1,3,1,1,1
162,1,4,5,1,1
163,1,2,4,1,1
164,1,3,1,1,1
165,2,4,5,1,1
166,2,1,5,1,1
167,1,1,5,1,1
168,1,2,1,1,1
169,1,4,4,1,1
170,2,4,4,1,1
171,2,2,3,1,1
172,1,3,3,1,1
173,2,1,1,1,1
174,1,2,5,1,1
175,2,1,2,1,1
176,2,2,4,1,1
177,2,2,1,1,1
178,1,3,2,1,1
179,1,1,3,1,1
180,2,3,4,1,1
181,1,1,1,1,1
182,2,1,2,1,1
183,1,3,2,1,1
184,1,4,5,1,1
185,1,4,5,1,1
186,2,1,2,1,1
187,2,1,5,1,1
188,2,3,4,1,1
189,1,2,4,1,1
190,1,2,4,1,1
191,1,1,3,1,1
192,1,1,5,1,1
193,1,2,3,1,1
194,2,2,1,1,1
195,1,3,5,1,1
196,1,1,2,1,1
197,2,2,1,1,1
198,1,4,4,1,1
199,1,3,3,1,1
200,2,2,5,1,1
201,1,3,3,1,1
202,1,4,5,1,1
203,2,1,2,1,1
204,1,3,4,1,1
205,1,2,5,1,1
206,1,1,4,1,1
207,2,1,2,1,1
208,2,3,5,1,1
209,2,4,1,1,1
210,1,2,5,1,1
211,2,2,4,1,1
212,1,4,1,1,1
213,2,2,2,1,1
214,2,4,1,1,1
215,1,4,5,1,1
216,1,2,1,1,1
217,2,4,3,1,1
218,2,4,5,1,1
219,1,4,5,1,1
220,2,2,1,1,1
221,1,2,3,1,1
222,1,1,2,1,1
223,2,2,5,1,1
224,2,4,1,1,1
225,1,2,3,1,1
226,1,4,5,1,1
227,2,1,2,1,1
228,2,4,3,1,1
229,1,3,4,1,1
230,2,3,5,1,1
231,1,2,3,1,1
232,2,2,1,1,1
233,2,3,5,1,1
234,2,2,4,1,1
235,2,1,5,1,1
236,2,4,4,1,1
237,1,3,3,1,1
238,2,1,2,1,1
239,2,3,4,1,1
240,2,3,4,1,1
241,1,3,1,1,1
242,2,4,3,1,1
243,2,3,4,1,1
244,2,4,3,1,1
245,2,3,4,1,1
246,1,2,4,1,1
247,1,1,3,1,1
248,1,3,1,1,1
249,1,2,4,1,1
250,1,1,3,1,1
251,1,1,1,1,1
252,2,4,1,1,1
253,2,2,4,1,1
254,2,2,1,1,1
255,1,3,1,1,1
256,1,4,1,1,1
257,2,2,5,1,1
258,2,3,3,1,1
259,2,4,4,1,1
260,1,1,3,1,1
261,1,1,2,1,1
262,1,1,1,1,1
263,1,2,4,1,1
264,2,3,1,1,1
265,2,3,5,1,1
266,2,2,3,1,1
267,2,3,5,1,1
268,1,2,3,1,1
269,2,3,5,1,1
270,2,1,3,1,1
271,1,1,1,1,1
272,2,1,1,1,1
273,1,4,1,1,1
274,1,3,5,1,1
275,2,1,3,1,1
276,1,3,4,1,1
277,1,4,4,1,1
278,1,2,5,1,1
279,1,2,4,1,1
280,2,2,2,1,1
281,1,3,3,1,1
282,1,2,5,1,1
283,1,1,3,1,1
284,1,4,1,1,1
285,1,4,5,1,1
286,1,3,4,1,1
287,2,4,2,1,1
288,2,1,4,1,1
289,1,2,1,1,1
290,1,3,1,1,1
291,1,1,2,1,1
292,1,2,3,1,1
293,1,4,1,1,1
294,1,3,5,1,1
295,1,1,4,1,1
296,1,2,1,1,1
297,1,1,3,1,1
298,2,4,3,1,1
299,1,4,3,1,1
300,2,3,2,1,1
301,1,4,1,1,1
302,1,4,4,1,1
303,2,4,2,1,1
304,2,4,2,1,1
305,1,2,4,1,1
306,1,1,4,1,1
307,1,3,5,1,1
308,2,2,2,1,1
309,1,3,4,1,1
310,1,4,4,1,1
311,2,4,4,1,1
312,2,2,1,1,1
313,2,2,3,1,1
314,1,4,1,1,1
315,1,2,2,1,1
316,1,1,2,1,1
317,1,2,4,1,1
318,2,1,4,1,1
319,1,1,5,1,1
320,2,3,5,1,1
321,1,3,4,1,1
322,1,2,1,1,1
323,2,1,2,1,1
324,1,2,4,1,1
325,2,4,1,1,1
326,2,2,1,1,1
327,2,4,5,1,1
328,2,4,4,1,1
329,2,1,4,1,1
330,1,4,2,1,1
331,2,3,5,1,1
332,1,1,5,1,1
333,1,3,1,1,1
334,1,3,2,1,1
335,1,4,1,1,1
336,2,1,4,1,1
337,2,4,1,1,1
338,1,2,5,1,1
339,2,3,1,1,1
340,1,2,4,1,1
341,1,2,3,1,1
342,1,2,4,1,1
343,1,4,5,1,1
344,1,3,1,1,1
345,1,1,5,1,1
346,1,1,2,1,1
347,1,3,2,1,1
348,2,3,4,1,1
349,1,1,5,1,1
350,1,3,2,1,1
351,1,2,3,1,1
352,1,4,3,1,1
353,2,1,3,1,1
354,1,3,5,1,1
355,2,2,2,1,1
356,1,4,3,1,1
357,2,1,5,1,1
358,2,2,1,1,1
359,2,4,1,1,1
360,2,1,4,1,1
361,2,1,3,1,1
362,1,3,1,1,1
363,2,2,3,1,1
364,1,4,3,1,1
365,2,2,2,1,1
366,2,2,3,1,1
367,2,1,2,1,1
368,2,1,2,1,1
369,2,4,3,1,1
370,2,3,2,1,1
371,2,3,1,1,1
372,2,1,1,1,1
373,2,1,1,1,1
374,2,2,5,1,1
375,1,3,1,1,1
376,2,2,5,1,1
377,1,2,2,1,1
378,1,2,2,1,1
379,2,1,4,1,1
380,2,3,1,1,1
381,2,1,4,1,1
382,1,3,1,1,1
383,1,2,4,1,1
384,1,1,1,1,1
385,1,1,1,1,1
386,2,4,5,1,1
387,1,1,3,1,1
388,1,1,1,1,1
389,2,1,5,1,1
390,1,4,4,1,1
391,2,2,4,1,1
392,1,2,3,1,1
393,2,3,5,1,1
394,1,4,1,1,1
395,1,1,5,1,1
396,1,4,1,1,1
397,2,1,3,1,1
398,1,2,1,1,1
399,2,4,3,1,1
400,1,4,1,1,1
401,2,1,3,1,1
402,2,2,3,1,1
403,1,4,1,1,1
404,2,1,3,1,1
405,2,4,3,1,1
406,1,3,1,1,1
407,2,3,3,1,1
408,2,2,4,1,1
409,2,4,3,1,1
410,1,3,1,1,1
411,2,4,5,1,1
412,2,1,1,1,1
413,1,2,2,1,1
414,2,2,3,1,1
415,2,1,1,1,1
416,2,3,2,1,1
417,2,2,2,1,1
418,1,2,4,1,1
419,2,4,2,1,1
420,1,2,2,1,1
421,1,1,3,1,1
422,1,1,1,1,1
423,2,3,4,1,1
424,2,3,2,1,1
425,1,4,1,1,1
426,1,4,4,1,1
427,2,3,3,1,1
428,2,1,4,1,1
429,1,1,5,1,1
430,2,2,5,1,1
431,1,4,4,1,1
432,1,2,2,1,1
433,2,4,3,1,1
434,2,4,4,1,1
435,2,2,5,1,1
436,1,3,5,1,1
437,2,2,5,1,1
438,1,1,3,1,1
439,1,1,4,1,1
440,2,2,3,1,1
441,2,4,3,1,1
442,2,4,4,1,1
443,2,2,3,1,1
444,1,1,5,1,1
445,1,2,1,1,1
446,1,3,4,1,1
447,2,3,1,1,1
448,1,3,3,1,1
449,1,4,3,1,1
450,1,2,3,1,1
451,1,1,5,1,1
452,2,1,5,1,1
453,1,3,3,1,1
454,2,4,3,1,1
455,1,4,2,1,1
456,2,3,4,1,1
457,2,3,2,1,1
458,1,2,4,1,1
459,2,3,2,1,1
460,1,4,2,1,1
461,1,4,4,1,1
462,1,2,1,1,1
463,2,2,3,1,1
464,2,3,1,1,1
465,2,1,4,1,1
466,1,4,3,1,1
467,2,2,1,1,1
468,2,3,4,1,1
469,2,4,5,1,1
470,2,2,5,1,1
471,1,4,1,1,1
472,2,3,3,1,1
473,2,2,3,1,1
474,2,2,4,1,1
475,2,4,2,1,1
476,1,3,3,1,1
477,1,1,2,1,1
478,1,2,3,1,1
479,1,2,5,1,1
480,2,1,5,1,1
481,2,4,1,1,1
482,1,2,4,1,1
483,1,1,4,1,1
484,1,2,3,1,1
485,1,1,2,1,1
486,2,1,1,1,1
487,1,4,2,1,1
488,1,4,4,1,1
489,1,2,4,1,1
490,2,3,3,1,1
491,2,4,5,1,1
492,1,1,3,1,1
493,2,1,4,1,1
494,1,1,3,1,1
495,1,4,3,1,1
496,1,1,2,1,1
497,2,1,5,1,1
498,2,1,4,1,1
499,2,4,1,1,1
500,1,4,5,1,1
501,2,3,3,2,1
502,1,4,1,2,1
503,2,3,3,2,1
504,1,4,5,2,1
505,1,1,5,2,1
506,2,2,4,2,1
507,1,3,2,2,1
508,2,2,1,2,1
509,1,4,2,2,1
510,2,4,2,2,1
511,2,2,1,2,1
512,1,3,2,2,1
513,2,2,1,2,1
514,2,2,4,2,1
515,1,1,4,2,1
516,1,3,3,2,1
517,2,2,5,2,1
518,1,1,1,2,1
519,2,3,1,2,1
520,2,4,4,2,1
521,1,3,4,2,1
522,1,3,1,2,1
523,1,1,1,2,1
524,1,3,2,2,1
525,1,4,3,2,1
526,1,4,4,2,1
527,1,4,4,2,1
528,2,4,3,2,1
529,1,1,2,2,1
530,1,3,4,2,1
531,1,3,3,2,1
532,2,3,4,2,1
533,2,2,5,2,1
534,1,2,5,2,1
535,1,2,3,2,1
536,1,3,4,2,1
537,2,3,4,2,1
538,2,4,5,2,1
539,1,4,5,2,1
540,1,2,5,2,1
541,2,4,2,2,1
542,2,1,5,2,1
543,1,1,1,2,1
544,2,1,3,2,1
545,2,3,4,2,1
546,2,1,5,2,1
547,2,3,5,2,1
548,1,1,3,2,1
549,2,1,5,2,1
550,1,2,1,2,1
551,1,4,2,2,1
552,1,3,3,2,1
553,2,4,1,2,1
554,1,4,2,2,1
555,1,2,4,2,1
556,2,3,4,2,1
557,2,4,5,2,1
558,2,1,2,2,1
559,2,2,2,2,1
560,2,4,1,2,1
561,1,4,1,2,1
562,1,1,4,2,1
563,2,2,5,2,1
564,1,1,5,2,1
565,1,2,3,2,1
566,1,4,3,2,1
567,1,4,4,2,1
568,1,4,2,2,1
569,2,4,2,2,1
570,1,3,3,2,1
571,2,2,1,2,1
572,2,3,4,2,1
573,2,3,3,2,1
574,2,2,1,2,1
575,1,4,1,2,1
576,1,2,2,2,1
577,1,3,5,2,1
578,2,3,5,2,1
579,2,2,5,2,1
580,1,3,4,2,1
581,1,4,1,2,1
582,2,1,1,2,1
583,1,2,2,2,1
584,2,3,1,2,1
585,1,1,2,2,1
586,1,4,5,2,1
587,2,1,5,2,1
588,2,1,2,2,1
589,1,4,2,2,1
590,2,3,1,2,1
591,1,4,3,2,1
592,1,4,2,2,1
593,2,3,4,2,1
594,2,2,2,2,1
595,1,1,2,2,1
596,1,4,2,2,1
597,2,2,4,2,1
598,2,4,1,2,1
599,1,3,3,2,1
600,2,1,1,2,1
601,2,2,3,2,1
602,2,1,4,2,1
603,1,4,4,2,1
604,2,1,1,2,1
605,2,3,4,2,1
606,1,3,4,2,1
607,1,2,3,2,1
608,1,1,4,2,1
609,1,1,4,2,1
610,2,3,2,2,1
611,1,4,3,2,1
612,2,1,4,2,1
613,2,4,2,2,1
614,2,1,4,2,1
615,1,3,5,2,1
616,2,1,4,2,1
617,1,1,4,2,1
618,1,4,4,2,1
619,2,1,1,2,1
620,1,1,1,2,1
621,2,2,4,2,1
622,2,1,3,2,1
623,1,4,3,2,1
624,2,4,3,2,1
625,2,3,5,2,1
626,2,4,4,2,1
627,2,3,4,2,1
628,2,4,3,2,1
629,1,4,4,2,1
630,1,2,2,2,1
631,1,1,4,2,1
632,2,1,2,2,1
633,1,3,5,2,1
634,2,4,2,2,1
635,2,2,3,2,1
636,2,1,4,2,1
637,1,3,1,2,1
638,1,4,5,2,1
639,2,1,2,2,1
640,2,3,5,2,1
641,2,3,1,2,1
642,1,4,4,2,1
643,1,3,4,2,1
644,2,2,3,2,1
645,2,1,2,2,1
646,2,2,3,2,1
647,2,3,2,2,1
648,1,2,1,2,1
649,1,1,1,2,1
650,1,3,2,2,1
651,1,2,1,2,1
652,2,3,5,2,1
653,2,4,5,2,1
654,2,1,3,2,1
655,1,2,2,2,1
656,2,2,4,2,1
657,1,1,2,2,1
658,1,1,1,2,1
659,1,1,1,2,1
660,1,4,1,2,1
661,1,3,2,2,1
662,2,1,5,2,1
663,1,1,3,2,1
664,1,1,2,2,1
665,2,1,2,2,1
666,2,2,1,2,1
667,2,1,5,2,1
668,2,3,3,2,1
669,2,1,5,2,1
670,2,2,1,2,1
671,2,1,2,2,1
672,2,4,1,2,1
673,1,2,5,2,1
674,2,4,5,2,1
675,2,1,4,2,1
676,1,3,2,2,1
677,2,2,3,2,1
678,1,4,5,2,1
679,1,4,2,2,1
680,2,3,4,2,1
681,1,2,2,2,1
682,1,1,3,2,1
683,2,1,3,2,1
684,1,1,1,2,1
685,2,1,1,2,1
686,1,3,5,2,1
687,2,3,4,2,1
688,2,2,3,2,1
689,1,4,5,2,1
690,1,3,5,2,1
691,1,1,4,2,1
692,1,2,2,2,1
693,2,4,4,2,1
694,1,1,1,2,1
695,2,3,4,2,1
696,1,4,5,2,1
697,2,3,1,2,1
698,2,3,4,2,1
699,1,2,2,2,1
700,2,4,1,2,1
701,1,1,4,2,1
702,2,3,4,2,1
703,2,3,2,2,1
704,1,2,4,2,1
705,2,3,4,2,1
706,1,4,1,2,1
707,2,4,5,2,1
708,1,4,1,2,1
709,1,3,1,2,1
710,2,4,2,2,1
711,1,2,4,2,1
712,2,1,2,2,1
713,1,4,4,2,1
714,2,3,2,2,1
715,1,2,3,2,1
716,2,1,4,2,1
717,2,1,2,2,1
718,2,4,1,2,1
719,2,2,2,2,1
720,1,4,2,2,1
721,1,2,1,2,1
722,2,3,5,2,1
723,1,2,4,2,1
724,2,2,5,2,1
725,1,3,1,2,1
726,2,4,2,2,1
727,2,1,4,2,1
728,2,2,2,2,1
729,1,3,5,2,1
730,1,3,1,2,1
731,2,1,2,2,1
732,2,3,4,2,1
733,2,1,4,2,1
734,1,3,4,2,1
735,1,1,2,2,1
736,2,4,2,2,1
737,2,3,4,2,1
738,2,1,1,2,1
739,2,3,3,2,1
740,2,1,4,2,1
741,2,4,2,2,1
742,1,1,2,2,1
743,2,2,1,2,1
744,2,3,1,2,1
745,2,3,4,2,1
746,2,3,3,2,1
747,2,4,5,2,1
748,2,4,5,2,1
749,2,2,4,2,1
750,2,1,1,2,1
751,2,4,1,2,1
752,2,4,5,2,1
753,2,3,1,2,1
754,1,1,4,2,1
755,2,2,4,2,1
756,2,2,1,2,1
757,1,4,1,2,1
758,1,2,3,2,1
759,2,3,2,2,1
760,2,2,1,2,1
761,1,1,3,2,1
762,1,4,4,2,1
763,1,1,4,2,1
764,1,2,2,2,1
765,2,2,3,2,1
766,2,1,1,2,1
767,2,1,3,2,1
768,1,1,1,2,1
769,2,2,2,2,1
770,2,4,1,2,1
771,1,2,5,2,1
772,1,1,4,2,1
773,2,4,2,2,1
774,2,3,1,2,1
775,2,4,4,2,1
776,2,3,5,2,1
777,2,1,4,2,1
778,1,4,4,2,1
779,2,3,4,2,1
780,1,3,3,2,1
781,2,1,5,2,1
782,1,2,5,2,1
783,1,3,2,2,1
784,1,4,5,2,1
785,2,2,4,2,1
786,2,4,5,2,1
787,1,1,5,2,1
788,2,2,4,2,1
789,1,2,2,2,1
790,2,4,2,2,1
791,2,3,4,2,1
792,2,2,5,2,1
793,2,3,5,2,1
794,1,4,3,2,1
795,2,3,1,2,1
796,1,1,3,2,1
797,2,1,3,2,1
798,2,4,4,2,1
799,2,1,4,2,1
800,2,2,4,2,1
801,1,3,4,2,1
802,2,2,3,2,1
803,2,3,2,2,1
804,1,2,5,2,1
805,1,1,4,2,1
806,2,3,1,2,1
807,1,1,4,2,1
808,2,1,2,2,1
809,1,2,4,2,1
810,2,3,3,2,1
811,1,4,4,2,1
812,1,2,3,2,1
813,1,1,2,2,1
814,1,2,1,2,1
815,2,1,3,2,1
816,2,2,5,2,1
817,1,2,5,2,1
818,2,2,2,2,1
819,2,3,4,2,1
820,1,3,2,2,1
821,1,2,4,2,1
822,1,2,2,2,1
823,1,1,2,2,1
824,1,4,4,2,1
825,1,1,5,2,1
826,2,3,2,2,1
827,2,1,1,2,1
828,1,1,2,2,1
829,2,3,5,2,1
830,1,1,4,2,1
831,2,3,1,2,1
832,2,1,3,2,1
833,2,3,2,2,1
834,2,1,3,2,1
835,1,2,3,2,1
836,2,3,5,2,1
837,1,4,4,2,1
838,1,3,2,2,1
839,2,4,1,2,1
840,1,1,2,2,1
841,1,2,5,2,1
842,2,4,5,2,1
843,1,3,5,2,1
844,1,2,2,2,1
845,1,1,5,2,1
846,1,4,3,2,1
847,1,4,2,2,1
848,2,2,5,2,1
849,2,2,5,2,1
850,2,2,5,2,1
851,1,1,2,2,1
852,2,3,3,2,1
853,1,4,2,2,1
854,1,1,3,2,1
855,2,3,1,2,1
856,2,1,1,2,1
857,1,4,4,2,1
858,2,3,1,2,1
859,2,1,3,2,1
860,2,2,4,2,1
861,2,4,5,2,1
862,2,4,3,2,1
863,2,2,2,2,1
864,1,3,1,2,1
865,2,4,5,2,1
866,1,4,4,2,1
867,2,2,5,2,1
868,2,3,3,2,1
869,1,3,1,2,1
870,2,1,1,2,1
871,1,4,5,2,1
872,1,4,5,2,1
873,2,4,1,2,1
874,2,3,5,2,1
875,2,1,1,2,1
876,2,1,5,2,1
877,2,3,2,2,1
878,2,1,3,2,1
879,2,3,4,2,1
880,1,4,1,2,1
881,1,3,2,2,1
882,2,3,1,2,1
883,1,3,3,2,1
884,2,2,4,2,1
885,1,4,3,2,1
886,1,1,4,2,1
887,1,2,4,2,1
888,1,3,2,2,1
889,2,3,5,2,1
890,1,3,1,2,1
891,1,1,5,2,1
892,1,3,4,2,1
893,1,2,4,2,1
894,1,2,1,2,1
895,1,1,5,2,1
896,2,2,3,2,1
897,1,2,5,2,1
898,1,2,5,2,1
899,1,1,1,2,1
900,2,4,1,2,1
901,2,3,1,2,1
902,2,1,5,2,1
903,2,3,1,2,1
904,2,2,1,2,1
905,1,3,5,2,1
906,1,4,2,2,1
907,1,3,5,2,1
908,2,2,2,2,1
909,1,4,4,2,1
910,1,2,4,2,1
911,1,1,2,2,1
912,1,3,5,2,1
913,1,4,5,2,1
914,1,3,5,2,1
915,1,4,3,2,1
916,1,4,2,2,1
917,1,4,4,2,1
918,1,2,2,2,1
919,2,3,3,2,1
920,1,2,3,2,1
921,2,1,2,2,1
922,2,3,3,2,1
923,1,4,2,2,1
924,2,2,1,2,1
925,1,4,4,2,1
926,2,1,1,2,1
927,2,4,3,2,1
928,1,2,3,2,1
929,1,2,1,2,1
930,2,4,4,2,1
931,2,1,4,2,1
932,2,4,1,2,1
933,2,1,4,2,1
934,2,4,4,2,1
935,2,2,1,2,1
936,2,4,3,2,1
937,1,4,5,2,1
938,1,1,1,2,1
939,2,1,4,2,1
940,1,4,3,2,1
941,1,2,5,2,1
942,2,1,1,2,1
943,2,2,3,2,1
944,1,2,4,2,1
945,2,4,1,2,1
946,2,2,1,2,1
947,1,1,5,2,1
948,1,3,4,2,1
949,1,3,2,2,1
950,2,3,3,2,1
951,2,1,1,2,1
952,2,4,4,2,1
953,2,1,5,2,1
954,2,1,3,2,1
955,2,2,4,2,1
956,1,1,3,2,1
957,2,1,3,2,1
958,1,1,2,2,1
959,1,2,1,2,1
960,2,3,4,2,1
961,1,1,5,2,1
962,1,3,4,2,1
963,2,2,4,2,1
964,2,1,3,2,1
965,1,2,3,2,1
966,1,3,5,2,1
967,2,4,1,2,1
968,2,1,3,2,1
969,1,4,5,2,1
970,1,4,5,2,1
971,2,1,5,2,1
972,1,1,4,2,1
973,2,1,5,2,1
974,2,2,3,2,1
975,1,2,3,2,1
976,2,1,5,2,1
977,2,3,3,2,1
978,2,2,3,2,1
979,1,4,3,2,1
980,2,2,5,2,1
981,2,1,5,2,1
982,2,4,4,2,1
983,2,1,3,2,1
984,2,2,4,2,1
985,2,1,1,2,1
986,2,2,2,2,1
987,2,2,2,2,1
988,1,1,4,2,1
989,1,2,3,2,1
990,1,4,2,2,1
991,2,3,2,2,1
992,1,3,3,2,1
993,1,3,1,2,1
994,1,1,1,2,1
995,1,3,1,2,1
996,2,4,3,2,1
997,1,4,5,2,1
998,2,3,1,2,1
999,1,1,5,2,1
1000,1,3,4,2,1
1001,2,3,5,3,1
1002,1,1,5,3,1
1003,2,3,3,3,1
1004,2,3,5,3,1
1005,2,3,3,3,1
1006,1,1,1,3,1
1007,2,3,5,3,1
1008,2,1,5,3,1
1009,1,2,3,3,1
1010,2,2,3,3,1
1011,1,2,5,3,1
1012,2,3,2,3,1
1013,1,2,1,3,1
1014,1,3,3,3,1
1015,1,4,1,3,1
1016,2,2,2,3,1
1017,1,1,4,3,1
1018,1,2,2,3,1
1019,1,3,1,3,1
1020,1,3,2,3,1
1021,1,1,4,3,1
1022,2,2,3,3,1
1023,2,1,4,3,1
1024,2,3,4,3,1
1025,2,2,3,3,1
1026,2,4,5,3,1
1027,1,3,1,3,1
1028,1,2,2,3,1
1029,2,2,5,3,1
1030,2,4,1,3,1
1031,2,4,1,3,1
1032,2,4,5,3,1
1033,2,4,1,3,1
1034,2,3,4,3,1
1035,1,3,5,3,1
1036,2,2,3,3,1
1037,2,3,4,3,1
1038,2,1,4,3,1
1039,1,3,2,3,1
1040,2,1,1,3,1
1041,2,3,1,3,1
1042,2,1,1,3,1
1043,2,3,3,3,1
1044,1,1,2,3,1
1045,1,3,4,3,1
1046,1,2,3,3,1
1047,2,2,3,3,1
1048,1,3,2,3,1
1049,1,4,5,3,1
1050,1,1,3,3,1
1051,2,1,4,3,1
1052,2,4,3,3,1
1053,2,2,5,3,1
1054,1,2,3,3,1
1055,1,3,2,3,1
1056,2,4,3,3,1
1057,2,1,2,3,1
1058,2,2,3,3,1
1059,1,1,5,3,1
1060,1,2,2,3,1
1061,2,1,3,3,1
1062,2,1,5,3,1
1063,1,2,2,3,1
1064,1,1,3,3,1
1065,2,3,4,3,1
1066,1,4,1,3,1
1067,1,3,5,3,1
1068,1,1,2,3,1
1069,1,1,4,3,1
1070,2,1,2,3,1
1071,1,1,3,3,1
1072,2,3,5,3,1
1073,1,2,3,3,1
1074,1,4,5,3,1
1075,2,4,1,3,1
1076,2,4,1,3,1
1077,1,2,3,3,1
1078,2,1,4,3,1
1079,1,3,3,3,1
1080,2,1,3,3,1
1081,2,2,2,3,1
1082,2,4,1,3,1
1083,2,4,5,3,1
1084,2,3,2,3,1
1085,2,1,3,3,1
1086,1,3,1,3,1
1087,1,3,4,3,1
1088,2,2,4,3,1
1089,2,4,3,3,1
1090,1,3,3,3,1
1091,1,4,5,3,1
1092,1,1,1,3,1
1093,1,3,3,3,1
1094,1,1,1,3,1
1095,2,1,4,3,1
1096,2,2,1,3,1
1097,1,1,2,3,1
1098,1,3,3,3,1
1099,1,3,3,3,1
1100,2,1,1,3,1
1101,2,4,5,3,1
1102,2,4,5,3,1
1103,2,4,5,3,1
1104,2,1,2,3,1
1105,2,3,5,3,1
1106,2,3,1,3,1
1107,2,1,3,3,1
1108,1,4,3,3,1
1109,2,4,4,3,1
1110,2,4,5,3,1
1111,1,4,5,3,1
1112,2,1,1,3,1
1113,1,4,5,3,1
1114,2,4,4,3,1
1115,1,3,2,3,1
1116,2,1,2,3,1
1117,2,3,5,3,1
1118,2,2,1,3,1
1119,2,2,1,3,1
1120,2,2,3,3,1
1121,1,4,4,3,1
1122,2,1,1,3,1
1123,1,3,4,3,1
1124,1,3,1,3,1
1125,2,2,1,3,1
1126,1,4,2,3,1
1127,1,1,2,3,1
1128,1,2,2,3,1
1129,1,2,5,3,1
1130,2,3,5,3,1
1131,2,3,3,3,1
1132,2,2,4,3,1
1133,2,2,4,3,1
1134,2,2,2,3,1
1135,2,3,1,3,1
1136,2,4,4,3,1
1137,1,1,3,3,1
1138,1,3,3,3,1
1139,2,4,1,3,1
1140,2,4,1,3,1
1141,2,3,3,3,1
1142,1,3,1,3,1
1143,1,4,2,3,1
1144,2,2,3,3,1
1145,2,3,5,3,1
1146,1,3,3,3,1
1147,2,2,5,3,1
1148,2,1,4,3,1
1149,1,4,3,3,1
1150,1,4,5,3,1
1151,2,3,2,3,1
1152,1,4,1,3,1
1153,2,4,5,3,1
1154,2,1,5,3,1
1155,2,3,2,3,1
1156,2,2,1,3,1
1157,2,4,2,3,1
1158,1,3,4,3,1
1159,2,3,3,3,1
1160,2,2,1,3,1
1161,2,1,3,3,1
1162,2,1,5,3,1
1163,2,4,5,3,1
1164,1,3,2,3,1
1165,2,3,2,3,1
1166,1,2,5,3,1
1167,1,2,5,3,1
1168,2,3,4,3,1
1169,2,1,3,3,1
1170,2,1,1,3,1
1171,2,3,5,3,1
1172,1,3,5,3,1
1173,1,4,1,3,1
1174,2,2,1,3,1
1175,1,1,2,3,1
1176,1,2,5,3,1
1177,1,1,4,3,1
1178,1,2,1,3,1
1179,2,2,4,3,1
1180,1,1,2,3,1
1181,1,2,1,3,1
1182,1,4,1,3,1
1183,2,1,3,3,1
1184,1,2,5,3,1
1185,1,1,1,3,1
1186,1,3,4,3,1
1187,1,3,1,3,1
1188,1,4,2,3,1
1189,1,2,2,3,1
1190,1,2,3,3,1
1191,1,2,3,3,1
1192,1,2,5,3,1
1193,1,3,2,3,1
1194,2,1,2,3,1
1195,2,4,1,3,1
1196,2,1,4,3,1
1197,2,2,2,3,1
1198,2,2,1,3,1
1199,1,4,2,3,1
1200,1,3,4,3,1
1201,1,3,2,3,1
1202,2,2,1,3,1
1203,2,1,4,3,1
1204,2,2,2,3,1
1205,2,4,1,3,1
1206,1,1,1,3,1
1207,2,3,2,3,1
1208,2,4,4,3,1
1209,1,3,2,3,1
1210,2,1,1,3,1
1211,1,1,1,3,1
1212,2,1,2,3,1
1213,1,4,1,3,1
1214,2,1,3,3,1
1215,1,2,2,3,1
1216,1,1,1,3,1
1217,1,4,1,3,1
1218,1,4,3,3,1
1219,1,1,3,3,1
1220,1,1,3,3,1
1221,2,1,5,3,1
1222,1,2,5,3,1
1223,1,3,2,3,1
1224,2,3,2,3,1
1225,2,2,2,3,1
1226,2,3,3,3,1
1227,1,4,5,3,1
1228,2,4,3,3,1
1229,1,1,3,3,1
1230,1,3,1,3,1
1231,1,2,1,3,1
1232,2,3,4,3,1
1233,1,4,2,3,1
1234,1,3,5,3,1
1235,1,4,1,3,1
1236,1,3,3,3,1
1237,1,4,5,3,1
1238,1,3,3,3,1
1239,1,3,2,3,1
1240,1,3,2,3,1
1241,2,3,3,3,1
1242,1,3,2,3,1
1243,1,3,4,3,1
1244,2,3,4,3,1
1245,1,4,4,3,1
1246,1,4,5,3,1
1247,2,3,5,3,1
1248,1,4,5,3,1
1249,2,4,3,3,1
1250,1,3,2,3,1
1251,2,1,2,3,1
1252,1,4,2,3,1
1253,2,4,2,3,1
1254,2,3,4,3,1
1255,2,3,4,3,1
1256,2,2,3,3,1
1257,2,2,2,3,1
1258,2,3,3,3,1
1259,1,2,5,3,1
1260,1,2,5,3,1
1261,1,1,4,3,1
1262,2,3,1,3,1
1263,1,4,4,3,1
1264,2,1,1,3,1
1265,2,2,5,3,1
1266,1,4,4,3,1
1267,2,4,3,3,1
1268,1,1,5,3,1
1269,2,2,2,3,1
1270,2,2,4,3,1
1271,2,3,1,3,1
1272,1,1,4,3,1
1273,1,1,5,3,1
1274,2,1,4,3,1
1275,2,3,2,3,1
1276,1,1,4,3,1
1277,1,4,4,3,1
1278,2,2,2,3,1
1279,2,4,3,3,1
1280,2,4,1,3,1
1281,1,4,3,3,1
1282,1,1,5,3,1
1283,1,4,3,3,1
1284,2,4,4,3,1
1285,1,4,4,3,1
1286,2,2,1,3,1
1287,1,2,2,3,1
1288,2,1,5,3,1
1289,2,1,4,3,1
1290,2,3,1,3,1
1291,1,3,4,3,1
1292,1,2,3,3,1
1293,1,2,1,3,1
1294,1,3,2,3,1
1295,1,2,3,3,1
1296,1,3,1,3,1
1297,2,2,1,3,1
1298,1,2,1,3,1
1299,2,3,5,3,1
1300,1,4,2,3,1
1301,2,3,4,3,1
1302,1,2,1,3,1
1303,1,4,1,3,1
1304,1,4,4,3,1
1305,1,2,4,3,1
1306,1,3,3,3,1
1307,2,1,2,3,1
1308,1,2,3,3,1
1309,2,4,4,3,1
1310,1,1,4,3,1
1311,1,1,4,3,1
1312,2,3,2,3,1
1313,2,1,4,3,1
1314,2,4,1,3,1
1315,1,3,1,3,1
1316,2,4,2,3,1
1317,2,2,2,3,1
1318,2,4,2,3,1
1319,2,4,2,3,1
1320,1,3,5,3,1
1321,1,3,2,3,1
1322,2,3,5,3,1
1323,2,4,3,3,1
1324,1,4,3,3,1
1325,2,1,2,3,1
1326,1,2,5,3,1
1327,2,3,4,3,1
1328,1,2,3,3,1
1329,1,3,5,3,1
1330,1,2,3,3,1
1331,1,2,5,3,1
1332,1,2,4,3,1
1333,2,3,4,3,1
1334,2,2,5,3,1
1335,1,2,2,3,1
1336,2,1,3,3,1
1337,2,4,2,3,1
1338,2,2,4,3,1
1339,1,3,5,3,1
1340,2,3,1,3,1
1341,1,2,3,3,1
1342,1,4,3,3,1
1343,1,2,2,3,1
1344,2,2,1,3,1
1345,2,4,4,3,1
1346,2,1,2,3,1
1347,2,2,2,3,1
1348,1,2,5,3,1
1349,1,4,3,3,1
1350,1,1,4,3,1
1351,2,4,5,3,1
1352,2,2,5,3,1
1353,1,4,3,3,1
1354,2,4,2,3,1
1355,2,2,3,3,1
1356,2,4,5,3,1
1357,2,1,2,3,1
1358,2,4,1,3,1
1359,1,1,3,3,1
1360,2,4,1,3,1
1361,1,1,4,3,1
1362,2,3,2,3,1
1363,2,1,5,3,1
1364,2,4,2,3,1
1365,1,4,1,3,1
1366,1,3,2,3,1
1367,2,4,4,3,1
1368,2,3,3,3,1
1369,1,4,5,3,1
1370,2,3,4,3,1
1371,1,2,4,3,1
1372,1,1,2,3,1
1373,1,2,2,3,1
1374,2,4,1,3,1
1375,1,3,3,3,1
1376,1,1,1,3,1
1377,2,4,2,3,1
1378,2,4,5,3,1
1379,2,2,5,3,1
1380,1,4,5,3,1
1381,1,1,3,3,1
1382,2,2,4,3,1
1383,2,2,5,3,1
1384,2,4,1,3,1
1385,1,1,1,3,1
1386,2,3,2,3,1
1387,2,3,1,3,1
1388,1,2,2,3,1
1389,1,3,3,3,1
1390,2,4,3,3,1
1391,1,1,3,3,1
1392,2,4,1,3,1
1393,1,2,4,3,1
1394,1,2,2,3,1
1395,1,3,3,3,1
1396,2,1,5,3,1
1397,1,4,3,3,1
1398,1,3,2,3,1
1399,2,4,3,3,1
1400,1,4,3,3,1
1401,2,1,1,3,1
1402,2,2,1,3,1
1403,2,4,5,3,1
1404,1,3,2,3,1
1405,2,1,1,3,1
1406,2,2,3,3,1
1407,1,3,3,3,1
1408,1,4,3,3,1
1409,2,2,2,3,1
1410,1,1,2,3,1
1411,1,4,2,3,1
1412,1,2,4,3,1
1413,2,2,1,3,1
1414,1,1,1,3,1
1415,2,1,5,3,1
1416,1,3,1,3,1
1417,2,4,3,3,1
1418,1,3,5,3,1
1419,1,4,2,3,1
1420,2,2,5,3,1
1421,1,3,2,3,1
1422,2,1,4,3,1
1423,1,2,1,3,1
1424,1,4,1,3,1
1425,2,2,1,3,1
1426,2,4,4,3,1
1427,1,1,5,3,1
1428,2,2,4,3,1
1429,2,3,1,3,1
1430,2,1,2,3,1
1431,1,1,1,3,1
1432,2,3,1,3,1
1433,2,2,2,3,1
1434,2,1,1,3,1
1435,2,1,3,3,1
1436,1,2,3,3,1
1437,2,3,3,3,1
1438,1,4,5,3,1
1439,2,2,5,3,1
1440,2,4,4,3,1
1441,1,1,2,3,1
1442,1,1,2,3,1
1443,2,1,3,3,1
1444,2,2,2,3,1
1445,1,2,3,3,1
1446,2,2,2,3,1
1447,1,1,3,3,1
1448,2,1,5,3,1
1449,1,1,2,3,1
1450,2,4,5,3,1
1451,2,3,5,3,1
1452,1,3,3,3,1
1453,1,1,3,3,1
1454,1,1,1,3,1
1455,2,3,3,3,1
1456,2,2,4,3,1
1457,1,4,4,3,1
1458,2,3,3,3,1
1459,2,4,2,3,1
1460,2,3,4,3,1
1461,1,4,4,3,1
1462,2,1,3,3,1
1463,2,2,5,3,1
1464,2,1,1,3,1
1465,2,1,4,3,1
1466,1,2,2,3,1
1467,1,3,3,3,1
1468,2,3,1,3,1
1469,2,2,2,3,1
1470,2,1,3,3,1
1471,1,2,5,3,1
1472,2,2,3,3,1
1473,2,2,4,3,1
1474,1,3,3,3,1
1475,2,4,4,3,1
1476,2,3,1,3,1
1477,2,4,5,3,1
1478,2,4,2,3,1
1479,2,4,1,3,1
1480,1,4,1,3,1
1481,1,4,1,3,1
1482,1,3,5,3,1
1483,1,2,4,3,1
1484,1,4,4,3,1
1485,2,3,1,3,1
1486,2,4,2,3,1
1487,2,2,2,3,1
1488,2,3,4,3,1
1489,1,3,4,3,1
1490,2,2,4,3,1
1491,2,2,3,3,1
1492,2,3,3,3,1
1493,1,2,2,3,1
1494,1,3,2,3,1
1495,1,3,3,3,1
1496,1,2,5,3,1
1497,2,4,4,3,1
1498,1,2,1,3,1
1499,2,4,1,3,1
1500,1,2,5,3,1
1501,1,2,4,4,1
1502,1,2,1,4,1
1503,2,3,2,4,1
1504,2,3,2,4,1
1505,2,4,3,4,1
1506,1,3,1,4,1
1507,2,2,3,4,1
1508,2,4,3,4,1
1509,1,3,2,4,1
1510,1,2,3,4,1
1511,2,3,3,4,1
1512,1,2,3,4,1
1513,2,1,3,4,1
1514,2,1,1,4,1
1515,2,2,1,4,1
1516,1,4,3,4,1
1517,1,1,3,4,1
1518,1,4,3,4,1
1519,2,2,2,4,1
1520,2,3,1,4,1
1521,1,1,2,4,1
1522,1,3,4,4,1
1523,1,2,3,4,1
1524,2,2,3,4,1
1525,2,1,1,4,1
1526,2,4,1,4,1
1527,2,4,3,4,1
1528,1,1,5,4,1
1529,1,2,2,4,1
1530,2,4,3,4,1
1531,1,3,4,4,1
1532,1,3,5,4,1
1533,1,1,3,4,1
1534,1,2,1,4,1
1535,1,2,1,4,1
1536,2,1,1,4,1
1537,2,4,1,4,1
1538,2,4,4,4,1
1539,1,4,3,4,1
1540,2,2,3,4,1
1541,1,1,1,4,1
1542,2,3,5,4,1
1543,1,4,5,4,1
1544,2,2,3,4,1
1545,1,4,1,4,1
1546,2,1,1,4,1
1547,1,1,5,4,1
1548,2,4,3,4,1
1549,1,4,4,4,1
1550,2,2,2,4,1
1551,1,3,4,4,1
1552,1,4,5,4,1
1553,1,1,5,4,1
1554,2,4,1,4,1
1555,2,2,3,4,1
1556,1,2,1,4,1
1557,1,4,2,4,1
1558,2,1,5,4,1
1559,1,3,5,4,1
1560,2,1,3,4,1
1561,1,4,2,4,1
1562,2,2,3,4,1
1563,2,4,2,4,1
1564,2,1,5,4,1
1565,2,3,4,4,1
1566,1,2,3,4,1
1567,1,1,5,4,1
1568,2,2,4,4,1
1569,2,1,1,4,1
1570,1,1,2,4,1
1571,1,4,2,4,1
1572,1,2,2,4,1
1573,2,4,1,4,1
1574,1,3,2,4,1
1575,1,3,4,4,1
1576,1,3,2,4,1
1577,2,4,2,4,1
1578,1,3,4,4,1
1579,2,2,5,4,1
1580,2,4,1,4,1
1581,1,1,5,4,1
1582,1,1,3,4,1
1583,1,3,1,4,1
1584,2,2,5,4,1
1585,2,4,4,4,1
1586,2,1,3,4,1
1587,2,4,1,4,1
1588,1,4,1,4,1
1589,1,1,2,4,1
1590,2,2,5,4,1
1591,2,4,3,4,1
1592,2,1,4,4,1
1593,2,3,3,4,1
1594,2,3,5,4,1
1595,1,1,3,4,1
1596,2,2,1,4,1
1597,2,4,3,4,1
1598,1,2,2,4,1
1599,1,4,5,4,1
1600,1,1,3,4,1
1601,2,2,4,4,1
1602,2,3,1,4,1
1603,2,2,4,4,1
1604,2,2,5,4,1
1605,1,2,2,4,1
1606,2,1,3,4,1
1607,2,1,1,4,1
1608,1,1,4,4,1
1609,2,4,1,4,1
1610,2,3,1,4,1
1611,1,4,4,4,1
1612,1,4,1,4,1
1613,2,3,3,4,1
1614,1,3,4,4,1
1615,2,2,1,4,1
1616,2,3,2,4,1
1617,2,4,2,4,1
1618,1,1,1,4,1
1619,2,2,2,4,1
1620,1,4,4,4,1
1621,1,3,5,4,1
1622,1,1,5,4,1
1623,1,1,2,4,1
1624,1,1,3,4,1
1625,2,4,4,4,1
1626,1,1,5,4,1
1627,2,3,4,4,1
1628,1,4,1,4,1
1629,2,2,2,4,1
1630,2,2,3,4,1
1631,2,4,4,4,1
1632,2,4,5,4,1
1633,2,4,3,4,1
1634,1,2,3,4,1
1635,1,2,4,4,1
1636,2,1,5,4,1
1637,2,3,5,4,1
1638,1,2,5,4,1
1639,2,2,3,4,1
1640,2,2,1,4,1
1641,2,4,5,4,1
1642,2,2,2,4,1
1643,1,1,1,4,1
1644,2,2,3,4,1
1645,2,1,1,4,1
1646,2,2,1,4,1
1647,1,4,5,4,1
1648,2,4,2,4,1
1649,1,3,1,4,1
1650,1,2,2,4,1
1651,2,4,5,4,1
1652,2,1,1,4,1
1653,1,2,1,4,1
1654,2,4,2,4,1
1655,2,2,4,4,1
1656,1,2,5,4,1
1657,1,1,1,4,1
1658,1,4,2,4,1
1659,1,1,1,4,1
1660,1,2,2,4,1
1661,1,1,4,4,1
1662,1,1,4,4,1
1663,2,2,2,4,1
1664,2,4,2,4,1
1665,1,2,1,4,1
1666,1,3,1,4,1
1667,1,1,2,4,1
1668,1,1,1,4,1
1669,1,1,5,4,1
1670,1,3,5,4,1
1671,1,2,1,4,1
1672,1,4,5,4,1
1673,2,4,1,4,1
1674,1,3,2,4,1
1675,2,2,3,4,1
1676,1,1,2,4,1
1677,1,1,3,4,1
1678,1,1,2,4,1
1679,1,4,3,4,1
1680,2,3,4,4,1
1681,1,2,3,4,1
1682,1,4,3,4,1
1683,2,3,5,4,1
1684,2,4,3,4,1
1685,1,3,4,4,1
1686,2,4,3,4,1
1687,2,1,3,4,1
1688,1,4,5,4,1
1689,1,3,4,4,1
1690,1,2,3,4,1
1691,2,2,2,4,1
1692,1,4,3,4,1
1693,1,2,2,4,1
1694,1,3,3,4,1
1695,1,3,4,4,1
1696,2,4,2,4,1
1697,1,2,3,4,1
1698,2,4,1,4,1
1699,1,4,3,4,1
1700,1,2,3,4,1
1701,2,2,5,4,1
1702,2,1,3,4,1
1703,2,2,2,4,1
1704,2,2,5,4,1
1705,1,4,5,4,1
1706,1,3,4,4,1
1707,1,2,2,4,1
1708,2,4,2,4,1
1709,2,4,1,4,1
1710,1,2,5,4,1
1711,1,3,1,4,1
1712,2,2,3,4,1
1713,1,1,2,4,1
1714,1,1,5,4,1
1715,2,1,1,4,1
1716,1,4,1,4,1
1717,2,1,2,4,1
1718,1,2,3,4,1
1719,2,3,5,4,1
1720,2,4,5,4,1
1721,1,3,1,4,1
1722,1,4,2,4,1
1723,1,3,3,4,1
1724,2,1,2,4,1
1725,2,3,4,4,1
1726,1,2,2,4,1
1727,2,4,4,4,1
1728,2,1,2,4,1
1729,1,1,2,4,1
1730,2,4,1,4,1
1731,1,2,4,4,1
1732,1,3,1,4,1
1733,2,1,4,4,1
1734,2,4,1,4,1
1735,2,4,5,4,1
1736,2,4,3,4,1
1737,1,2,5,4,1
1738,2,2,2,4,1
1739,1,3,5,4,1
1740,2,1,5,4,1
1741,1,4,1,4,1
1742,2,1,5,4,1
1743,2,2,3,4,1
1744,2,1,2,4,1
1745,2,2,5,4,1
1746,1,3,3,4,1
1747,2,4,3,4,1
1748,1,2,1,4,1
1749,2,1,1,4,1
1750,2,3,3,4,1
1751,1,2,1,4,1
1752,1,4,1,4,1
1753,2,3,4,4,1
1754,1,4,3,4,1
1755,2,4,3,4,1
1756,1,2,3,4,1
1757,2,1,4,4,1
1758,1,3,1,4,1
1759,1,2,4,4,1
1760,1,2,5,4,1
1761,1,2,1,4,1
1762,1,4,3,4,1
1763,1,4,5,4,1
1764,1,2,4,4,1
1765,1,3,3,4,1
1766,1,4,5,4,1
1767,2,2,2,4,1
1768,2,1,3,4,1
1769,1,1,1,4,1
1770,2,4,2,4,1
1771,2,1,2,4,1
1772,1,1,2,4,1
1773,2,1,2,4,1
1774,1,3,5,4,1
1775,2,1,3,4,1
1776,1,3,1,4,1
1777,2,2,2,4,1
1778,2,4,5,4,1
1779,2,4,2,4,1
1780,1,2,3,4,1
1781,1,3,3,4,1
1782,2,2,2,4,1
1783,1,2,4,4,1
1784,1,2,1,4,1
1785,1,1,5,4,1
1786,1,1,1,4,1
1787,2,3,3,4,1
1788,1,2,4,4,1
1789,2,3,1,4,1
1790,2,4,1,4,1
1791,1,3,4,4,1
1792,1,1,2,4,1
1793,1,4,4,4,1
1794,2,2,3,4,1
1795,1,3,1,4,1
1796,2,2,1,4,1
1797,2,1,3,4,1
1798,2,4,3,4,1
1799,1,2,4,4,1
1800,2,2,4,4,1
1801,2,4,4,4,1
1802,2,3,1,4,1
1803,2,3,5,4,1
1804,2,1,1,4,1
1805,1,2,5,4,1
1806,2,3,3,4,1
1807,2,3,1,4,1
1808,2,4,2,4,1
1809,1,3,3,4,1
1810,2,3,2,4,1
1811,1,2,4,4,1
1812,2,1,5,4,1
1813,2,4,4,4,1
1814,2,3,3,4,1
1815,2,2,5,4,1
1816,2,4,4,4,1
1817,1,3,3,4,1
1818,1,1,3,4,1
1819,1,2,2,4,1
1820,2,2,4,4,1
1821,1,4,4,4,1
1822,1,4,5,4,1
1823,1,3,5,4,1
1824,1,3,2,4,1
1825,1,1,3,4,1
1826,1,1,5,4,1
1827,2,1,3,4,1
1828,2,2,1,4,1
1829,1,1,2,4,1
1830,1,3,1,4,1
1831,1,4,5,4,1
1832,1,1,1,4,1
1833,2,1,1,4,1
1834,1,2,4,4,1
1835,2,1,1,4,1
1836,2,3,5,4,1
1837,1,1,2,4,1
1838,2,3,2,4,1
1839,2,2,1,4,1
1840,1,3,4,4,1
1841,1,2,4,4,1
1842,2,3,5,4,1
1843,2,3,4,4,1
1844,1,1,2,4,1
1845,2,1,2,4,1
1846,1,1,4,4,1
1847,1,1,1,4,1
1848,2,4,5,4,1
1849,2,1,1,4,1
1850,1,2,2,4,1
1851,2,1,3,4,1
1852,2,1,4,4,1
1853,2,2,2,4,1
1854,1,3,2,4,1
1855,1,4,5,4,1
1856,2,3,4,4,1
1857,1,4,2,4,1
1858,2,4,2,4,1
1859,2,1,5,4,1
1860,2,1,4,4,1
1861,1,2,3,4,1
1862,2,4,4,4,1
1863,1,1,4,4,1
1864,2,3,3,4,1
1865,1,2,3,4,1
1866,1,1,4,4,1
1867,2,1,3,4,1
1868,1,2,4,4,1
1869,2,4,5,4,1
1870,1,3,3,4,1
1871,2,1,3,4,1
1872,1,2,3,4,1
1873,1,1,3,4,1
1874,1,3,1,4,1
1875,2,2,5,4,1
1876,1,2,5,4,1
1877,2,4,4,4,1
1878,2,3,1,4,1
1879,1,1,4,4,1
1880,1,1,5,4,1
1881,2,1,2,4,1
1882,2,1,2,4,1
1883,1,1,3,4,1
1884,2,2,4,4,1
1885,2,4,4,4,1
1886,1,4,3,4,1
1887,1,4,3,4,1
1888,1,4,5,4,1
1889,2,4,5,4,1
1890,2,4,2,4,1
1891,1,4,3,4,1
1892,1,1,2,4,1
1893,2,4,5,4,1
1894,1,4,1,4,1
1895,2,4,5,4,1
1896,1,2,2,4,1
1897,2,1,5,4,1
1898,2,1,2,4,1
1899,2,4,5,4,1
1900,1,1,5,4,1
1901,1,3,5,4,1
1902,1,4,3,4,1
1903,2,2,3,4,1
1904,2,4,3,4,1
1905,1,3,3,4,1
1906,1,4,3,4,1
1907,2,1,2,4,1
1908,1,2,2,4,1
1909,2,3,3,4,1
1910,2,2,1,4,1
1911,2,3,1,4,1
1912,2,3,5,4,1
1913,2,3,2,4,1
1914,2,3,4,4,1
1915,2,1,3,4,1
1916,1,2,5,4,1
1917,2,3,1,4,1
1918,2,4,5,4,1
1919,2,2,4,4,1
1920,2,2,1,4,1
1921,2,4,2,4,1
1922,2,1,2,4,1
1923,2,3,3,4,1
1924,2,4,1,4,1
1925,1,1,3,4,1
1926,2,3,2,4,1
1927,2,1,3,4,1
1928,2,2,3,4,1
1929,1,3,4,4,1
1930,1,1,3,4,1
1931,1,3,2,4,1
1932,2,1,4,4,1
1933,1,4,5,4,1
1934,2,4,4,4,1
1935,1,1,1,4,1
1936,2,2,3,4,1
1937,1,4,2,4,1
1938,2,1,2,4,1
1939,1,4,4,4,1
1940,1,3,4,4,1
1941,2,3,2,4,1
1942,2,3,4,4,1
1943,1,1,4,4,1
1944,1,1,4,4,1
1945,1,1,2,4,1
1946,2,2,1,4,1
1947,2,3,3,4,1
1948,2,4,3,4,1
1949,1,2,1,4,1
1950,1,4,2,4,1
1951,1,1,3,4,1
1952,1,1,3,4,1
1953,1,4,4,4,1
1954,1,4,1,4,1
1955,2,4,4,4,1
1956,1,1,1,4,1
1957,2,2,2,4,1
1958,2,1,1,4,1
1959,2,2,3,4,1
1960,1,4,1,4,1
1961,1,1,4,4,1
1962,1,4,5,4,1
1963,2,1,4,4,1
1964,2,1,4,4,1
1965,2,4,4,4,1
1966,2,1,4,4,1
1967,2,3,1,4,1
1968,1,4,5,4,1
1969,2,2,1,4,1
1970,2,2,4,4,1
1971,1,2,4,4,1
1972,1,4,3,4,1
1973,1,4,3,4,1
1974,1,3,2,4,1
1975,1,1,1,4,1
1976,2,1,4,4,1
1977,2,4,3,4,1
1978,2,3,4,4,1
1979,1,4,2,4,1
1980,1,1,4,4,1
1981,1,2,1,4,1
1982,2,1,5,4,1
1983,2,2,1,4,1
1984,1,2,4,4,1
1985,2,4,5,4,1
1986,2,2,4,4,1
1987,2,2,5,4,1
1988,2,1,1,4,1
1989,2,2,5,4,1
1990,1,4,3,4,1
1991,2,1,1,4,1
1992,2,3,3,4,1
1993,2,4,2,4,1
1994,1,2,5,4,1
1995,2,3,1,4,1
1996,2,3,5,4,1
1997,2,2,3,4,1
1998,1,1,1,4,1
1999,2,3,5,4,1
2000,2,4,3,4,1
2001,2,3,5,5,1
2002,1,4,3,5,1
2003,2,4,5,5,1
2004,1,3,2,5,1
2005,1,2,4,5,1
2006,1,4,1,5,1
2007,2,4,1,5,1
2008,1,2,2,5,1
2009,1,2,4,5,1
2010,1,3,2,5,1
2011,2,3,5,5,1
2012,1,4,4,5,1
2013,2,4,1,5,1
2014,2,4,1,5,1
2015,1,1,3,5,1
2016,2,4,5,5,1
2017,1,1,4,5,1
2018,1,3,2,5,1
2019,1,1,1,5,1
2020,2,3,4,5,1
2021,1,3,4,5,1
2022,2,1,2,5,1
2023,2,2,1,5,1
2024,1,2,5,5,1
2025,1,2,1,5,1
2026,1,4,2,5,1
2027,2,1,5,5,1
2028,1,4,4,5,1
2029,1,1,3,5,1
2030,1,3,4,5,1
2031,2,3,1,5,1
2032,1,3,2,5,1
2033,1,2,1,5,1
2034,1,2,1,5,1
2035,1,1,4,5,1
2036,2,4,5,5,1
2037,2,2,1,5,1
2038,1,4,4,5,1
2039,1,2,1,5,1
2040,2,3,5,5,1
2041,1,3,1,5,1
2042,1,4,1,5,1
2043,2,2,3,5,1
2044,2,3,2,5,1
2045,2,4,1,5,1
2046,1,3,5,5,1
2047,2,2,2,5,1
2048,2,4,5,5,1
2049,1,2,2,5,1
2050,2,2,2,5,1
2051,2,3,3,5,1
2052,2,4,5,5,1
2053,2,2,4,5,1
2054,1,4,4,5,1
2055,2,2,5,5,1
2056,1,4,5,5,1
2057,2,4,5,5,1
2058,1,2,5,5,1
2059,1,4,3,5,1
2060,2,4,3,5,1
2061,2,1,4,5,1
2062,1,2,4,5,1
2063,1,3,5,5,1
2064,1,3,4,5,1
2065,2,4,4,5,1
2066,2,3,3,5,1
2067,1,2,4,5,1
2068,1,2,5,5,1
2069,2,3,2,5,1
2070,1,4,5,5,1
2071,2,4,4,5,1
2072,2,2,2,5,1
2073,1,3,1,5,1
2074,1,2,2,5,1
2075,2,4,3,5,1
2076,1,2,1,5,1
2077,2,1,1,5,1
2078,1,1,4,5,1
2079,2,2,1,5,1
2080,2,3,3,5,1
2081,1,3,1,5,1
2082,2,1,3,5,1
2083,2,3,3,5,1
2084,1,1,4,5,1
2085,2,1,2,5,1
2086,1,4,3,5,1
2087,1,4,4,5,1
2088,1,4,1,5,1
2089,2,2,2,5,1
2090,2,3,1,5,1
2091,1,4,4,5,1
2092,2,2,5,5,1
2093,2,1,5,5,1
2094,2,2,3,5,1
2095,2,1,4,5,1
2096,1,1,4,5,1
2097,1,1,5,5,1
2098,2,2,3,5,1
2099,1,2,3,5,1
2100,2,4,1,5,1
2101,1,1,3,5,1
2102,2,2,1,5,1
2103,2,1,2,5,1
2104,1,4,3,5,1
2105,1,4,2,5,1
2106,1,1,5,5,1
2107,2,2,4,5,1
2108,2,1,3,5,1
2109,2,2,3,5,1
2110,1,3,4,5,1
2111,2,3,1,5,1
2112,1,4,3,5,1
2113,1,4,2,5,1
2114,2,1,3,5,1
2115,1,4,2,5,1
2116,2,4,4,5,1
2117,2,1,5,5,1
2118,1,4,5,5,1
2119,1,3,4,5,1
2120,2,3,2,5,1
2121,1,2,1,5,1
2122,2,3,3,5,1
2123,1,1,2,5,1
2124,2,3,1,5,1
2125,1,4,5,5,1
2126,1,1,1,5,1
2127,1,4,4,5,1
2128,1,4,4,5,1
2129,2,2,3,5,1
2130,2,2,1,5,1
2131,1,3,5,5,1
2132,2,3,1,5,1
2133,1,3,2,5,1
2134,2,4,1,5,1
2135,1,3,3,5,1
2136,2,3,4,5,1
2137,1,4,1,5,1
2138,2,4,2,5,1
2139,2,3,2,5,1
2140,2,1,3,5,1
2141,1,3,1,5,1
2142,2,1,2,5,1
2143,2,1,1,5,1
2144,1,2,3,5,1
2145,1,2,5,5,1
2146,1,4,3,5,1
2147,1,1,1,5,1
2148,1,2,4,5,1
2149,2,3,3,5,1
2150,2,4,5,5,1
2151,2,1,1,5,1
2152,2,1,4,5,1
2153,2,2,2,5,1
2154,1,1,2,5,1
2155,2,3,4,5,1
2156,2,2,1,5,1
2157,1,1,3,5,1
2158,2,2,2,5,1
2159,1,1,4,5,1
2160,1,3,1,5,1
2161,1,3,3,5,1
2162,1,4,3,5,1
2163,1,2,1,5,1
2164,2,2,4,5,1
2165,2,3,4,5,1
2166,2,4,4,5,1
2167,1,4,3,5,1
2168,2,3,4,5,1
2169,2,4,5,5,1
2170,1,3,5,5,1
2171,2,4,2,5,1
2172,2,2,5,5,1
2173,2,4,1,5,1
2174,2,4,3,5,1
2175,1,3,2,5,1
2176,1,1,5,5,1
2177,2,3,5,5,1
2178,2,4,2,5,1
2179,1,3,4,5,1
2180,1,2,2,5,1
2181,1,3,2,5,1
2182,1,3,5,5,1
2183,2,2,5,5,1
2184,1,1,3,5,1
2185,1,3,2,5,1
2186,1,1,3,5,1
2187,2,2,3,5,1
2188,2,3,4,5,1
2189,1,3,5,5,1
2190,2,3,2,5,1
2191,1,2,4,5,1
2192,1,2,2,5,1
2193,1,2,4,5,1
2194,2,3,4,5,1
2195,1,3,1,5,1
2196,1,1,3,5,1
2197,1,2,2,5,1
2198,2,3,3,5,1
2199,1,4,2,5,1
2200,2,1,2,5,1
2201,2,2,2,5,1
2202,2,3,3,5,1
2203,2,3,2,5,1
2204,2,1,3,5,1
2205,1,2,5,5,1
2206,1,1,3,5,1
2207,2,2,3,5,1
2208,1,1,5,5,1
2209,2,1,5,5,1
2210,2,4,2,5,1
2211,1,2,2,5,1
2212,1,3,1,5,1
2213,2,3,1,5,1
2214,1,3,1,5,1
2215,1,4,4,5,1
2216,1,2,3,5,1
2217,2,3,4,5,1
2218,1,1,1,5,1
2219,1,1,1,5,1
2220,2,1,4,5,1
2221,1,3,2,5,1
2222,2,2,4,5,1
2223,1,2,5,5,1
2224,1,1,1,5,1
2225,1,4,3,5,1
2226,1,1,5,5,1
2227,1,1,4,5,1
2228,1,2,5,5,1
2229,2,4,3,5,1
2230,1,4,5,5,1
2231,1,2,1,5,1
2232,2,1,5,5,1
2233,1,3,3,5,1
2234,1,1,2,5,1
2235,1,2,2,5,1
2236,1,4,3,5,1
2237,1,2,5,5,1
2238,2,3,5,5,1
2239,2,4,2,5,1
2240,1,2,5,5,1
2241,2,3,2,5,1
2242,2,1,3,5,1
2243,2,1,1,5,1
2244,2,1,2,5,1
2245,1,4,4,5,1
2246,1,4,4,5,1
2247,2,3,4,5,1
2248,2,2,3,5,1
2249,1,4,4,5,1
2250,1,3,5,5,1
2251,2,3,1,5,1
2252,1,2,1,5,1
2253,2,4,4,5,1
2254,2,1,5,5,1
2255,2,3,1,5,1
2256,2,4,1,5,1
2257,1,2,5,5,1
2258,2,3,4,5,1
2259,1,1,1,5,1
2260,1,2,2,5,1
2261,1,3,4,5,1
2262,1,3,2,5,1
2263,2,2,2,5,1
2264,1,1,1,5,1
2265,2,3,4,5,1
2266,2,3,3,5,1
2267,2,1,3,5,1
2268,2,4,3,5,1
2269,2,2,3,5,1
2270,1,4,4,5,1
2271,1,2,3,5,1
2272,1,4,4,5,1
2273,1,1,2,5,1
2274,2,2,3,5,1
2275,2,1,1,5,1
2276,1,4,5,5,1
2277,2,1,2,5,1
2278,2,3,5,5,1
2279,1,2,3,5,1
2280,1,4,1,5,1
2281,2,2,4,5,1
2282,2,1,3,5,1
2283,2,2,1,5,1
2284,1,2,2,5,1
2285,2,2,2,5,1
2286,1,4,2,5,1
2287,1,1,3,5,1
2288,1,3,2,5,1
2289,1,3,1,5,1
2290,1,2,3,5,1
2291,1,4,4,5,1
2292,1,1,4,5,1
2293,2,4,5,5,1
2294,2,2,5,5,1
2295,1,2,5,5,1
2296,1,3,3,5,1
2297,1,1,3,5,1
2298,1,3,2,5,1
2299,1,3,1,5,1
2300,1,2,5,5,1
2301,1,2,1,5,1
2302,1,4,3,5,1
2303,1,1,3,5,1
2304,2,3,3,5,1
2305,1,2,1,5,1
2306,2,2,4,5,1
2307,2,2,2,5,1
2308,2,2,2,5,1
2309,2,4,3,5,1
2310,1,4,4,5,1
2311,1,1,2,5,1
2312,1,1,1,5,1
2313,2,4,2,5,1
2314,2,3,2,5,1
2315,2,2,3,5,1
2316,2,1,4,5,1
2317,2,2,4,5,1
2318,2,3,5,5,1
2319,2,4,5,5,1
2320,2,1,4,5,1
2321,1,4,3,5,1
2322,2,3,3,5,1
2323,1,2,2,5,1
2324,1,4,2,5,1
2325,2,1,3,5,1
2326,2,3,1,5,1
2327,2,2,4,5,1
2328,1,1,5,5,1
2329,2,1,3,5,1
2330,2,1,4,5,1
2331,1,2,4,5,1
2332,1,3,4,5,1
2333,1,1,1,5,1
2334,1,3,2,5,1
2335,2,2,1,5,1
2336,1,2,2,5,1
2337,1,4,5,5,1
2338,2,4,3,5,1
2339,1,3,3,5,1
2340,2,4,2,5,1
2341,2,3,2,5,1
2342,1,4,5,5,1
2343,1,1,3,5,1
2344,2,3,3,5,1
2345,1,3,2,5,1
2346,2,3,5,5,1
2347,1,4,1,5,1
2348,2,1,5,5,1
2349,2,1,4,5,1
2350,1,3,1,5,1
2351,2,1,3,5,1
2352,2,1,1,5,1
2353,1,2,4,5,1
2354,1,2,5,5,1
2355,2,4,2,5,1
2356,2,3,1,5,1
2357,2,1,1,5,1
2358,2,2,1,5,1
2359,2,3,5,5,1
2360,2,2,4,5,1
2361,2,3,4,5,1
2362,2,1,3,5,1
2363,2,1,2,5,1
2364,2,3,5,5,1
2365,1,4,5,5,1
2366,1,2,2,5,1
2367,1,4,2,5,1
2368,2,4,4,5,1
2369,2,1,4,5,1
2370,2,3,4,5,1
2371,2,3,1,5,1
2372,2,3,5,5,1
2373,1,3,4,5,1
2374,2,4,3,5,1
2375,1,2,3,5,1
2376,1,1,5,5,1
2377,1,2,2,5,1
2378,1,2,4,5,1
2379,2,1,4,5,1
2380,1,3,1,5,1
2381,1,4,4,5,1
2382,2,1,2,5,1
2383,2,3,2,5,1
2384,1,2,2,5,1
2385,2,3,2,5,1
2386,2,2,4,5,1
2387,1,1,2,5,1
2388,2,3,2,5,1
2389,1,4,4,5,1
2390,2,3,2,5,1
2391,1,1,5,5,1
2392,2,2,3,5,1
2393,2,4,5,5,1
2394,2,1,1,5,1
2395,2,4,3,5,1
2396,2,3,4,5,1
2397,1,2,3,5,1
2398,2,4,4,5,1
2399,2,2,2,5,1
2400,1,3,2,5,1
2401,2,3,2,5,1
2402,1,1,3,5,1
2403,2,2,1,5,1
2404,2,1,1,5,1
2405,2,1,5,5,1
2406,2,3,4,5,1
2407,2,2,5,5,1
2408,1,3,2,5,1
2409,1,4,2,5,1
2410,2,3,4,5,1
2411,1,1,2,5,1
2412,2,4,5,5,1
2413,2,3,1,5,1
2414,2,3,3,5,1
2415,1,2,2,5,1
2416,1,2,2,5,1
2417,2,1,1,5,1
2418,1,2,4,5,1
2419,1,1,4,5,1
2420,1,1,4,5,1
2421,1,1,5,5,1
2422,1,1,4,5,1
2423,2,2,2,5,1
2424,2,1,4,5,1
2425,1,1,5,5,1
2426,2,2,4,5,1
2427,2,3,2,5,1
2428,1,3,2,5,1
2429,2,2,2,5,1
2430,1,1,4,5,1
2431,1,1,3,5,1
2432,1,4,4,5,1
2433,1,2,1,5,1
2434,1,2,4,5,1
2435,2,1,4,5,1
2436,1,2,1,5,1
2437,2,1,2,5,1
2438,2,2,3,5,1
2439,1,4,2,5,1
2440,1,1,3,5,1
2441,1,4,2,5,1
2442,1,1,3,5,1
2443,2,1,3,5,1
2444,2,3,3,5,1
2445,1,4,5,5,1
2446,2,2,5,5,1
2447,1,1,4,5,1
2448,2,1,1,5,1
2449,1,4,3,5,1
2450,2,1,3,5,1
2451,2,1,5,5,1
2452,1,1,3,5,1
2453,2,1,1,5,1
2454,2,2,1,5,1
2455,1,1,1,5,1
2456,2,2,5,5,1
2457,1,4,4,5,1
2458,2,3,3,5,1
2459,2,1,1,5,1
2460,2,1,5,5,1
2461,1,4,2,5,1
2462,1,2,4,5,1
2463,2,4,3,5,1
2464,2,1,2,5,1
2465,1,4,2,5,1
2466,2,1,1,5,1
2467,2,3,2,5,1
2468,1,4,3,5,1
2469,1,2,4,5,1
2470,2,3,4,5,1
2471,1,1,1,5,1
2472,2,2,1,5,1
2473,1,3,1,5,1
2474,1,1,4,5,1
2475,2,1,3,5,1
2476,1,2,1,5,1
2477,1,2,3,5,1
2478,2,1,1,5,1
2479,1,2,1,5,1
2480,1,2,1,5,1
2481,1,1,4,5,1
2482,1,2,5,5,1
2483,2,2,3,5,1
2484,1,2,4,5,1
2485,1,4,5,5,1
2486,2,2,3,5,1
2487,2,4,3,5,1
2488,1,3,3,5,1
2489,2,1,1,5,1
2490,2,4,3,5,1
2491,1,4,2,5,1
2492,1,4,2,5,1
2493,1,1,2,5,1
2494,1,4,4,5,1
2495,2,1,4,5,1
2496,1,4,3,5,1
2497,1,4,5,5,1
2498,1,3,1,5,1
2499,2,4,1,5,1
2500,1,2,3,5,1
2501,2,2,4,6,1
2502,1,1,1,6,1
2503,2,3,3,6,1
2504,1,4,4,6,1
2505,1,1,5,6,1
2506,2,4,5,6,1
2507,1,2,5,6,1
2508,1,3,2,6,1
2509,1,1,1,6,1
2510,2,4,5,6,1
2511,1,4,3,6,1
2512,2,1,4,6,1
2513,1,2,5,6,1
2514,1,1,5,6,1
2515,1,3,3,6,1
2516,1,1,5,6,1
2517,2,3,3,6,1
2518,1,2,5,6,1
2519,2,4,3,6,1
2520,2,3,3,6,1
2521,1,2,3,6,1
2522,1,3,4,6,1
2523,2,3,4,6,1
2524,1,2,4,6,1
2525,1,2,3,6,1
2526,1,3,3,6,1
2527,2,2,1,6,1
2528,1,2,3,6,1
2529,2,2,3,6,1
2530,1,2,2,6,1
2531,2,3,5,6,1
2532,1,3,1,6,1
2533,1,2,2,6,1
2534,2,2,3,6,1
2535,2,3,5,6,1
2536,1,2,2,6,1
2537,1,1,3,6,1
2538,2,1,4,6,1
2539,2,1,4,6,1
2540,2,1,4,6,1
2541,2,4,4,6,1
2542,1,4,1,6,1
2543,2,2,3,6,1
2544,2,1,4,6,1
2545,1,1,5,6,1
2546,2,1,5,6,1
2547,1,2,3,6,1
2548,1,4,2,6,1
2549,2,2,5,6,1
2550,2,1,5,6,1
2551,2,2,5,6,1
2552,1,3,2,6,1
2553,2,4,4,6,1
2554,2,4,4,6,1
2555,1,1,5,6,1
2556,1,2,2,6,1
2557,2,3,1,6,1
2558,2,3,1,6,1
2559,1,3,4,6,1
2560,1,1,3,6,1
2561,1,4,2,6,1
2562,1,1,4,6,1
2563,2,4,4,6,1
2564,1,2,4,6,1
2565,2,2,2,6,1
2566,1,3,3,6,1
2567,2,4,1,6,1
2568,2,3,5,6,1
2569,1,3,2,6,1
2570,1,4,4,6,1
2571,2,4,3,6,1
2572,1,2,1,6,1
2573,1,4,4,6,1
2574,1,2,1,6,1
2575,2,3,4,6,1
2576,2,4,4,6,1
2577,1,2,5,6,1
2578,2,4,2,6,1
2579,2,3,1,6,1
2580,1,3,4,6,1
2581,2,1,2,6,1
2582,1,1,5,6,1
2583,1,2,1,6,1
2584,1,4,5,6,1
2585,2,1,4,6,1
2586,1,3,1,6,1
2587,1,2,2,6,1
2588,2,4,4,6,1
2589,1,1,2,6,1
2590,2,4,5,6,1
2591,1,4,2,6,1
2592,1,1,3,6,1
2593,2,1,4,6,1
2594,1,3,1,6,1
2595,1,2,2,6,1
2596,2,2,5,6,1
2597,2,2,4,6,1
2598,1,2,2,6,1
2599,1,1,4,6,1
2600,2,4,5,6,1
2601,2,1,1,6,1
2602,1,4,2,6,1
2603,1,2,1,6,1
2604,1,4,4,6,1
2605,1,1,2,6,1
2606,2,4,4,6,1
2607,2,4,3,6,1
2608,1,3,2,6,1
2609,2,3,1,6,1
2610,2,3,3,6,1
2611,2,1,5,6,1
2612,1,4,2,6,1
2613,2,4,3,6,1
2614,2,3,1,6,1
2615,2,3,2,6,1
2616,2,4,1,6,1
2617,2,1,1,6,1
2618,1,4,3,6,1
2619,2,4,5,6,1
2620,2,1,2,6,1
2621,2,4,3,6,1
2622,1,3,2,6,1
2623,1,1,5,6,1
2624,2,4,1,6,1
2625,1,2,3,6,1
2626,2,3,1,6,1
2627,1,2,5,6,1
2628,2,3,1,6,1
2629,2,4,3,6,1
2630,2,2,4,6,1
2631,2,3,1,6,1
2632,1,1,3,6,1
2633,2,2,1,6,1
2634,2,4,1,6,1
2635,2,1,2,6,1
2636,1,2,2,6,1
2637,2,4,5,6,1
2638,1,4,4,6,1
2639,2,1,3,6,1
2640,2,3,5,6,1
2641,2,3,2,6,1
2642,1,1,3,6,1
2643,1,2,2,6,1
2644,2,2,4,6,1
2645,2,4,3,6,1
2646,2,1,3,6,1
2647,2,2,5,6,1
2648,2,1,4,6,1
2649,1,4,5,6,1
2650,2,2,5,6,1
2651,2,2,5,6,1
2652,1,4,2,6,1
2653,2,1,2,6,1
2654,2,2,5,6,1
2655,2,3,3,6,1
2656,1,3,4,6,1
2657,1,1,5,6,1
2658,1,4,3,6,1
2659,2,2,4,6,1
2660,2,1,3,6,1
2661,2,2,1,6,1
2662,2,4,4,6,1
2663,1,1,5,6,1
2664,2,3,2,6,1
2665,1,4,4,6,1
2666,1,1,2,6,1
2667,2,1,3,6,1
2668,1,3,4,6,1
2669,1,1,5,6,1
2670,1,1,1,6,1
2671,2,1,4,6,1
2672,1,4,2,6,1
2673,1,2,4,6,1
2674,2,3,5,6,1
2675,1,2,5,6,1
2676,2,2,2,6,1
2677,2,3,2,6,1
2678,1,4,5,6,1
2679,2,2,5,6,1
2680,2,3,2,6,1
2681,2,1,5,6,1
2682,1,3,5,6,1
2683,2,2,4,6,1
2684,2,1,1,6,1
2685,2,1,4,6,1
2686,1,1,1,6,1
2687,2,3,4,6,1
2688,1,1,4,6,1
2689,2,1,4,6,1
2690,2,4,2,6,1
2691,2,1,1,6,1
2692,1,2,5,6,1
2693,1,4,1,6,1
2694,1,2,1,6,1
2695,2,4,1,6,1
2696,2,3,5,6,1
2697,1,2,2,6,1
2698,2,1,3,6,1
2699,2,2,3,6,1
2700,2,3,1,6,1
2701,2,1,4,6,1
2702,2,2,1,6,1
2703,1,2,2,6,1
2704,1,3,2,6,1
2705,1,4,1,6,1
2706,1,3,2,6,1
2707,2,4,3,6,1
2708,1,3,3,6,1
2709,2,2,2,6,1
2710,2,1,3,6,1
2711,2,1,5,6,1
2712,2,2,1,6,1
2713,2,3,2,6,1
2714,2,2,4,6,1
2715,1,3,1,6,1
2716,2,3,5,6,1
2717,1,3,4,6,1
2718,1,1,5,6,1
2719,2,4,3,6,1
2720,2,3,3,6,1
2721,2,1,2,6,1
2722,2,1,3,6,1
2723,2,4,2,6,1
2724,1,4,2,6,1
2725,2,2,3,6,1
2726,2,4,2,6,1
2727,2,3,2,6,1
2728,1,4,5,6,1
2729,1,4,5,6,1
2730,2,4,5,6,1
2731,2,3,1,6,1
2732,1,1,3,6,1
2733,1,1,1,6,1
2734,1,4,3,6,1
2735,1,3,5,6,1
2736,2,1,1,6,1
2737,2,3,4,6,1
2738,1,3,2,6,1
2739,2,4,4,6,1
2740,1,4,1,6,1
2741,2,3,4,6,1
2742,2,4,3,6,1
2743,1,2,2,6,1
2744,1,2,1,6,1
2745,1,2,1,6,1
2746,1,4,2,6,1
2747,1,4,5,6,1
2748,1,4,5,6,1
2749,2,1,2,6,1
2750,2,4,3,6,1
2751,2,2,2,6,1
2752,2,2,3,6,1
2753,1,4,5,6,1
2754,2,2,4,6,1
2755,2,1,5,6,1
2756,1,2,3,6,1
2757,1,1,5,6,1
2758,2,3,2,6,1
2759,2,2,2,6,1
2760,2,1,5,6,1
2761,1,2,1,6,1
2762,2,4,2,6,1
2763,2,1,2,6,1
2764,2,3,1,6,1
2765,2,4,5,6,1
2766,2,4,2,6,1
2767,2,4,2,6,1
2768,1,2,4,6,1
2769,2,2,3,6,1
2770,2,3,5,6,1
2771,2,2,4,6,1
2772,2,4,2,6,1
2773,1,3,3,6,1
2774,2,4,5,6,1
2775,1,1,2,6,1
2776,2,1,3,6,1
2777,1,4,2,6,1
2778,1,1,2,6,1
2779,1,4,3,6,1
2780,2,4,3,6,1
2781,1,4,4,6,1
2782,2,2,4,6,1
2783,2,1,1,6,1
2784,1,4,4,6,1
2785,2,3,2,6,1
2786,1,2,1,6,1
2787,2,2,1,6,1
2788,1,3,2,6,1
2789,1,1,2,6,1
2790,1,4,3,6,1
2791,2,3,1,6,1
2792,2,3,2,6,1
2793,2,3,5,6,1
2794,2,4,3,6,1
2795,1,2,3,6,1
2796,1,3,4,6,1
2797,2,3,4,6,1
2798,1,1,5,6,1
2799,2,4,2,6,1
2800,2,4,2,6,1
2801,2,4,4,6,1
2802,1,2,1,6,1
2803,1,4,4,6,1
2804,1,3,2,6,1
2805,2,1,5,6,1
2806,1,1,1,6,1
2807,2,3,4,6,1
2808,2,4,2,6,1
2809,2,1,2,6,1
2810,2,3,1,6,1
2811,1,4,4,6,1
2812,2,1,5,6,1
2813,2,4,5,6,1
2814,1,1,5,6,1
2815,1,1,3,6,1
2816,1,2,2,6,1
2817,1,2,5,6,1
2818,2,3,4,6,1
2819,2,1,4,6,1
2820,2,3,1,6,1
2821,1,2,2,6,1
2822,1,4,4,6,1
2823,1,1,3,6,1
2824,2,4,1,6,1
2825,1,4,2,6,1
2826,2,2,5,6,1
2827,1,3,5,6,1
2828,2,2,1,6,1
2829,2,3,4,6,1
2830,2,3,2,6,1
2831,1,2,3,6,1
2832,2,3,3,6,1
2833,1,4,2,6,1
2834,1,1,1,6,1
2835,2,2,4,6,1
2836,2,1,2,6,1
2837,2,1,1,6,1
2838,1,4,3,6,1
2839,1,1,3,6,1
2840,1,2,3,6,1
2841,1,2,4,6,1
2842,2,4,2,6,1
2843,1,3,3,6,1
2844,1,2,4,6,1
2845,2,1,1,6,1
2846,1,3,5,6,1
2847,2,4,5,6,1
2848,1,3,1,6,1
2849,2,1,4,6,1
2850,1,1,3,6,1
2851,1,1,1,6,1
2852,1,2,5,6,1
2853,2,4,2,6,1
2854,1,1,4,6,1
2855,1,2,1,6,1
2856,2,3,4,6,1
2857,1,3,4,6,1
2858,1,4,1,6,1
2859,2,1,4,6,1
2860,1,2,3,6,1
2861,1,2,3,6,1
2862,2,2,1,6,1
2863,2,4,1,6,1
2864,1,2,4,6,1
2865,1,3,2,6,1
2866,1,1,4,6,1
2867,1,2,1,6,1
2868,1,4,3,6,1
2869,2,1,2,6,1
2870,2,3,4,6,1
2871,2,2,1,6,1
2872,1,3,1,6,1
2873,2,2,5,6,1
2874,2,4,3,6,1
2875,1,4,4,6,1
2876,2,2,1,6,1
2877,2,2,3,6,1
2878,1,3,4,6,1
2879,1,1,2,6,1
2880,2,3,1,6,1
2881,1,3,1,6,1
2882,1,1,3,6,1
2883,2,1,1,6,1
2884,1,3,3,6,1
2885,2,2,1,6,1
2886,2,2,2,6,1
2887,1,2,1,6,1
2888,2,4,4,6,1
2889,1,2,2,6,1
2890,2,3,5,6,1
2891,1,2,1,6,1
2892,2,4,4,6,1
2893,2,1,1,6,1
2894,2,1,2,6,1
2895,2,1,3,6,1
2896,1,3,2,6,1
2897,1,2,1,6,1
2898,1,3,4,6,1
2899,1,3,5,6,1
2900,1,3,2,6,1
2901,2,1,2,6,1
2902,2,4,5,6,1
2903,1,1,2,6,1
2904,1,3,2,6,1
2905,2,3,2,6,1
2906,2,4,1,6,1
2907,2,1,3,6,1
2908,1,1,4,6,1
2909,2,3,4,6,1
2910,2,1,4,6,1
2911,1,3,5,6,1
2912,1,2,5,6,1
2913,2,1,2,6,1
2914,1,3,1,6,1
2915,2,4,2,6,1
2916,2,3,2,6,1
2917,2,1,2,6,1
2918,2,2,3,6,1
2919,2,2,1,6,1
2920,1,2,4,6,1
2921,1,4,2,6,1
2922,2,4,2,6,1
2923,2,1,3,6,1
2924,2,4,2,6,1
2925,1,1,3,6,1
2926,2,2,1,6,1
2927,2,3,4,6,1
2928,2,2,3,6,1
2929,2,4,4,6,1
2930,1,1,3,6,1
2931,2,4,5,6,1
2932,1,1,1,6,1
2933,2,4,3,6,1
2934,2,1,2,6,1
2935,2,3,3,6,1
2936,1,3,4,6,1
2937,2,1,2,6,1
2938,1,3,5,6,1
2939,2,3,3,6,1
2940,2,3,5,6,1
2941,1,4,4,6,1
2942,2,2,3,6,1
2943,1,1,4,6,1
2944,1,4,5,6,1
2945,2,4,3,6,1
2946,2,1,1,6,1
2947,2,2,2,6,1
2948,2,4,5,6,1
2949,1,2,3,6,1
2950,1,4,2,6,1
2951,1,2,3,6,1
2952,2,2,4,6,1
2953,2,3,3,6,1
2954,2,3,1,6,1
2955,2,1,1,6,1
2956,1,3,1,6,1
2957,2,4,1,6,1
2958,1,4,4,6,1
2959,2,1,3,6,1
2960,1,4,5,6,1
2961,2,4,2,6,1
2962,1,1,2,6,1
2963,2,4,1,6,1
2964,2,4,4,6,1
2965,1,1,4,6,1
2966,1,2,3,6,1
2967,2,3,3,6,1
2968,2,2,5,6,1
2969,2,1,3,6,1
2970,2,1,1,6,1
2971,2,4,4,6,1
2972,1,4,2,6,1
2973,2,2,3,6,1
2974,2,4,3,6,1
2975,1,4,1,6,1
2976,2,2,1,6,1
2977,1,1,3,6,1
2978,1,2,2,6,1
2979,2,2,5,6,1
2980,2,2,5,6,1
2981,1,2,4,6,1
2982,2,4,3,6,1
2983,2,3,4,6,1
2984,1,4,2,6,1
2985,2,2,4,6,1
2986,1,4,4,6,1
2987,1,3,2,6,1
2988,1,1,5,6,1
2989,2,4,2,6,1
2990,1,4,5,6,1
2991,2,1,5,6,1
2992,1,4,3,6,1
2993,1,1,2,6,1
2994,1,4,5,6,1
2995,2,4,2,6,1
2996,1,2,5,6,1
2997,2,2,3,6,1
2998,2,2,4,6,1
2999,1,3,5,6,1
3000,2,3,1,6,1
